,kind,etag,id,snippet.publishedAt,snippet.channelId,snippet.title,snippet.description,snippet.thumbnails.default.url,snippet.thumbnails.default.width,snippet.thumbnails.default.height,snippet.thumbnails.medium.url,snippet.thumbnails.medium.width,snippet.thumbnails.medium.height,snippet.thumbnails.high.url,snippet.thumbnails.high.width,snippet.thumbnails.high.height,snippet.thumbnails.standard.url,snippet.thumbnails.standard.width,snippet.thumbnails.standard.height,snippet.thumbnails.maxres.url,snippet.thumbnails.maxres.width,snippet.thumbnails.maxres.height,snippet.channelTitle,snippet.tags,snippet.categoryId,snippet.liveBroadcastContent,snippet.localized.title,snippet.localized.description,snippet.defaultAudioLanguage,contentDetails.duration,contentDetails.dimension,contentDetails.definition,contentDetails.caption,contentDetails.licensedContent,contentDetails.projection
0,youtube#video,HlxnQQg5iR1_hnUeoV6wrZr0L-Q,xlYC-_FUUS8,2022-07-25T22:00:26Z,UCSidMlxGqZ0NBrTjGzhfdjg,WIDS QUITO BIENVENIDA,"Women in Data Science 2022
                                                     Quito

Embajadora: Karen Calva
WIDS - SEE",https://i.ytimg.com/vi/xlYC-_FUUS8/default.jpg,120,90,https://i.ytimg.com/vi/xlYC-_FUUS8/mqdefault.jpg,320,180,https://i.ytimg.com/vi/xlYC-_FUUS8/hqdefault.jpg,480,360,https://i.ytimg.com/vi/xlYC-_FUUS8/sddefault.jpg,640.0,480.0,https://i.ytimg.com/vi/xlYC-_FUUS8/maxresdefault.jpg,1280.0,720.0,SEE Sociedad Ecuatoriana de Estad칤stica,"['#estad칤stica', '#datascience', '#python', '#R', '#RStudio', '#analisisdedatos', '#cursos', '#Capacitaci칩n', '#DataScience', '#SEE', '#Capacitaciones', '#Shiny', '췅RShiny', 'Ecuador', '593', '+593', 'ViolenciaGenero', 'Mujer', 'ecuatoriano', 'Women in Data Science', 'WIDS', 'WIDS 2022', 'QUITO', 'WIDS QUITO']",28,none,WIDS QUITO BIENVENIDA,"Women in Data Science 2022
                                                     Quito

Embajadora: Karen Calva
WIDS - SEE",es-419,PT4M58S,2d,hd,false,False,rectangular
1,youtube#video,dJiaD7A0fNMYTAhX7SHccsbA7aw,bXfLr_I2Unw,2022-07-26T00:00:11Z,UCSidMlxGqZ0NBrTjGzhfdjg,An치lisis y dise침o de un modelo predictivo para detecci칩n de phishing basado en URL,"Women in Data Science 2022
                                                     Quito

Expositora: 
                       Fernanda Alb치n Toapanta
Embajadora: 
                       Karen Calva Yaguana

WIDS - SEE",https://i.ytimg.com/vi/bXfLr_I2Unw/default.jpg,120,90,https://i.ytimg.com/vi/bXfLr_I2Unw/mqdefault.jpg,320,180,https://i.ytimg.com/vi/bXfLr_I2Unw/hqdefault.jpg,480,360,https://i.ytimg.com/vi/bXfLr_I2Unw/sddefault.jpg,640.0,480.0,https://i.ytimg.com/vi/bXfLr_I2Unw/maxresdefault.jpg,1280.0,720.0,SEE Sociedad Ecuatoriana de Estad칤stica,"['#estad칤stica', '#datascience', '#python', '#R', '#RStudio', '#analisisdedatos', '#cursos', '#Capacitaci칩n', '#DataScience', '#SEE', '#Capacitaciones', '#Shiny', '췅RShiny', 'Ecuador', '593', '+593', 'ViolenciaGenero', 'Mujer', 'ecuatoriano', 'Women in Data Science', 'WIDS', 'WIDS 2022', 'QUITO', 'WIDS QUITO']",28,none,An치lisis y dise침o de un modelo predictivo para detecci칩n de phishing basado en URL,"Women in Data Science 2022
                                                     Quito

Expositora: 
                       Fernanda Alb치n Toapanta
Embajadora: 
                       Karen Calva Yaguana

WIDS - SEE",es-419,PT29M1S,2d,hd,false,False,rectangular
2,youtube#video,kUd3_QGEXI1hs-wv68KULp2zpjY,Q9pAqCL64dc,2022-07-27T00:00:11Z,UCSidMlxGqZ0NBrTjGzhfdjg,Generando datos a trav칠s de modelos de Markov por pares,"Women in Data Science 2022
                                                     Quito

Expositora: 
                       Katherine Monrales Quinga
Embajadora: 
                       Karen Calva Yaguana

WIDS - SEE",https://i.ytimg.com/vi/Q9pAqCL64dc/default.jpg,120,90,https://i.ytimg.com/vi/Q9pAqCL64dc/mqdefault.jpg,320,180,https://i.ytimg.com/vi/Q9pAqCL64dc/hqdefault.jpg,480,360,https://i.ytimg.com/vi/Q9pAqCL64dc/sddefault.jpg,640.0,480.0,https://i.ytimg.com/vi/Q9pAqCL64dc/maxresdefault.jpg,1280.0,720.0,SEE Sociedad Ecuatoriana de Estad칤stica,"['#estad칤stica', '#datascience', '#python', '#R', '#RStudio', '#analisisdedatos', '#cursos', '#Capacitaci칩n', '#DataScience', '#SEE', '#Capacitaciones', '#Shiny', '췅RShiny', 'Ecuador', '593', '+593', 'ViolenciaGenero', 'Mujer', 'ecuatoriano', 'Women in Data Science', 'WIDS', 'WIDS 2022', 'QUITO', 'WIDS QUITO']",28,none,Generando datos a trav칠s de modelos de Markov por pares,"Women in Data Science 2022
                                                     Quito

Expositora: 
                       Katherine Monrales Quinga
Embajadora: 
                       Karen Calva Yaguana

WIDS - SEE",es-419,PT34M,2d,hd,false,False,rectangular
3,youtube#video,1HwPE6--yY9EJpYg3aVi361vW8E,RAG5PI5Ra3c,2022-07-29T00:00:12Z,UCSidMlxGqZ0NBrTjGzhfdjg,Discriminaci칩n Laboral por Identidad de G칠nero y por Orientaci칩n Sexual en el Ecuador,"Women in Data Science 2022
                                                     Quito

Expositora: 
                       Estefania Cisneros Freire
Embajadora: 
                       Karen Calva Yaguana

WIDS - SEE",https://i.ytimg.com/vi/RAG5PI5Ra3c/default.jpg,120,90,https://i.ytimg.com/vi/RAG5PI5Ra3c/mqdefault.jpg,320,180,https://i.ytimg.com/vi/RAG5PI5Ra3c/hqdefault.jpg,480,360,https://i.ytimg.com/vi/RAG5PI5Ra3c/sddefault.jpg,640.0,480.0,https://i.ytimg.com/vi/RAG5PI5Ra3c/maxresdefault.jpg,1280.0,720.0,SEE Sociedad Ecuatoriana de Estad칤stica,"['#estad칤stica', '#datascience', '#python', '#R', '#RStudio', '#analisisdedatos', '#cursos', '#Capacitaci칩n', '#DataScience', '#SEE', '#Capacitaciones', '#Shiny', '췅RShiny', 'Ecuador', '593', '+593', 'ViolenciaGenero', 'Mujer', 'ecuatoriano', 'Women in Data Science', 'WIDS', 'WIDS 2022', 'QUITO', 'WIDS QUITO']",28,none,Discriminaci칩n Laboral por Identidad de G칠nero y por Orientaci칩n Sexual en el Ecuador,"Women in Data Science 2022
                                                     Quito

Expositora: 
                       Estefania Cisneros Freire
Embajadora: 
                       Karen Calva Yaguana

WIDS - SEE",es-419,PT37M41S,2d,hd,false,False,rectangular
4,youtube#video,eErONUSGiF6dVL3x1yoXkLwn-mo,4O-s6mv4-ug,2022-07-30T00:00:02Z,UCSidMlxGqZ0NBrTjGzhfdjg,Ciencia de datos con prop칩sito: Como encontrar proyectos 칰tiles de ciencia datos en cualquier lugar,"Women in Data Science 2022
                                                     Quito

Expositora: 
                       Karen Calva Yaguana
Embajadora: 
                       Gabriela Castro

WIDS - SEE",https://i.ytimg.com/vi/4O-s6mv4-ug/default.jpg,120,90,https://i.ytimg.com/vi/4O-s6mv4-ug/mqdefault.jpg,320,180,https://i.ytimg.com/vi/4O-s6mv4-ug/hqdefault.jpg,480,360,https://i.ytimg.com/vi/4O-s6mv4-ug/sddefault.jpg,640.0,480.0,https://i.ytimg.com/vi/4O-s6mv4-ug/maxresdefault.jpg,1280.0,720.0,SEE Sociedad Ecuatoriana de Estad칤stica,"['#estad칤stica', '#datascience', '#python', '#R', '#RStudio', '#analisisdedatos', '#cursos', '#Capacitaci칩n', '#DataScience', '#SEE', '#Capacitaciones', '#Shiny', '췅RShiny', 'Ecuador', '593', '+593', 'ViolenciaGenero', 'Mujer', 'ecuatoriano', 'Women in Data Science', 'WIDS', 'WIDS 2022', 'QUITO', 'WIDS QUITO']",28,none,Ciencia de datos con prop칩sito: Como encontrar proyectos 칰tiles de ciencia datos en cualquier lugar,"Women in Data Science 2022
                                                     Quito

Expositora: 
                       Karen Calva Yaguana
Embajadora: 
                       Gabriela Castro

WIDS - SEE",es-419,PT39M11S,2d,hd,false,False,rectangular
5,youtube#video,9UK68gGLReHSArYDYsNiU6Jt62U,Uj_tJoeeubU,2022-07-18T23:00:11Z,UCSidMlxGqZ0NBrTjGzhfdjg,WIDS MACHALA BIENVENIDA,"Women in Data Science 2022
                                                     Machala

Embajadora: Linda Cabrera
WIDS - SEE",https://i.ytimg.com/vi/Uj_tJoeeubU/default.jpg,120,90,https://i.ytimg.com/vi/Uj_tJoeeubU/mqdefault.jpg,320,180,https://i.ytimg.com/vi/Uj_tJoeeubU/hqdefault.jpg,480,360,https://i.ytimg.com/vi/Uj_tJoeeubU/sddefault.jpg,640.0,480.0,https://i.ytimg.com/vi/Uj_tJoeeubU/maxresdefault.jpg,1280.0,720.0,SEE Sociedad Ecuatoriana de Estad칤stica,"['#estad칤stica', '#datascience', '#python', '#R', '#RStudio', '#analisisdedatos', '#cursos', '#Capacitaci칩n', '#DataScience', '#SEE', '#Capacitaciones', '#Shiny', '췅RShiny', 'Ecuador', '593', '+593', 'ViolenciaGenero', 'Mujer', 'ecuatoriano', 'Women in Data Science', 'WIDS', 'WIDS 2022', 'Machala', 'WIDS Machala']",28,none,WIDS MACHALA BIENVENIDA,"Women in Data Science 2022
                                                     Machala

Embajadora: Linda Cabrera
WIDS - SEE",es-419,PT5M46S,2d,hd,false,False,rectangular
6,youtube#video,f7fMunyKZ-y8IOg-3_iw6vGeYqc,lft37iZPbts,2022-07-19T00:00:21Z,UCSidMlxGqZ0NBrTjGzhfdjg,Aplicaciones de neuromarketing para la innovaci칩n en productos y servicios,"Women in Data Science 2022
                                                     Machala

Expositora: 
                       Raquel Tinoco Egas
Embajadora: 
                       Linda Cabera

WIDS - SEE",https://i.ytimg.com/vi/lft37iZPbts/default.jpg,120,90,https://i.ytimg.com/vi/lft37iZPbts/mqdefault.jpg,320,180,https://i.ytimg.com/vi/lft37iZPbts/hqdefault.jpg,480,360,https://i.ytimg.com/vi/lft37iZPbts/sddefault.jpg,640.0,480.0,https://i.ytimg.com/vi/lft37iZPbts/maxresdefault.jpg,1280.0,720.0,SEE Sociedad Ecuatoriana de Estad칤stica,"['#estad칤stica', '#datascience', '#python', '#R', '#RStudio', '#analisisdedatos', '#cursos', '#Capacitaci칩n', '#DataScience', '#SEE', '#Capacitaciones', '#Shiny', '췅RShiny', 'Ecuador', '593', '+593', 'ViolenciaGenero', 'Mujer', 'ecuatoriano', 'Women in Data Science', 'WIDS', 'WIDS 2022', 'Machala', 'WIDS Machala']",28,none,Aplicaciones de neuromarketing para la innovaci칩n en productos y servicios,"Women in Data Science 2022
                                                     Machala

Expositora: 
                       Raquel Tinoco Egas
Embajadora: 
                       Linda Cabera

WIDS - SEE",es-419,PT33M21S,2d,hd,false,False,rectangular
7,youtube#video,owPNyFEWJSaUzbgrjdbGLQW1lyk,OeqKuSXa5jU,2022-07-20T00:00:12Z,UCSidMlxGqZ0NBrTjGzhfdjg,Desaf칤os y oportunidades de las mujeres en Big Data,"Women in Data Science 2022
                                                     Machala

Expositora: 
                       Jennifer C칠leri Pacheco
Embajadora: 
                       Linda Cabera

WIDS - SEE",https://i.ytimg.com/vi/OeqKuSXa5jU/default.jpg,120,90,https://i.ytimg.com/vi/OeqKuSXa5jU/mqdefault.jpg,320,180,https://i.ytimg.com/vi/OeqKuSXa5jU/hqdefault.jpg,480,360,https://i.ytimg.com/vi/OeqKuSXa5jU/sddefault.jpg,640.0,480.0,https://i.ytimg.com/vi/OeqKuSXa5jU/maxresdefault.jpg,1280.0,720.0,SEE Sociedad Ecuatoriana de Estad칤stica,"['#estad칤stica', '#datascience', '#python', '#R', '#RStudio', '#analisisdedatos', '#cursos', '#Capacitaci칩n', '#DataScience', '#SEE', '#Capacitaciones', '#Shiny', '췅RShiny', 'Ecuador', '593', '+593', 'ViolenciaGenero', 'Mujer', 'ecuatoriano', 'Women in Data Science', 'WIDS', 'WIDS 2022', 'Machala', 'WIDS Machala']",28,none,Desaf칤os y oportunidades de las mujeres en Big Data,"Women in Data Science 2022
                                                     Machala

Expositora: 
                       Jennifer C칠leri Pacheco
Embajadora: 
                       Linda Cabera

WIDS - SEE",es-419,PT52M1S,2d,hd,false,False,rectangular
8,youtube#video,dRqu5alr8e-0_ToJgVSKMtfIAwA,AUK47W_fg4E,2022-07-22T00:00:02Z,UCSidMlxGqZ0NBrTjGzhfdjg,Determinantes de la violencia hacia la mujer en Ecuador,"Women in Data Science 2022
                                                     Machala

Expositora: 
                       Andrea Freire Pesantez
                       Mayerling Leines Gonz치lez
Embajadora: 
                       Linda Cabera

WIDS - SEE",https://i.ytimg.com/vi/AUK47W_fg4E/default.jpg,120,90,https://i.ytimg.com/vi/AUK47W_fg4E/mqdefault.jpg,320,180,https://i.ytimg.com/vi/AUK47W_fg4E/hqdefault.jpg,480,360,https://i.ytimg.com/vi/AUK47W_fg4E/sddefault.jpg,640.0,480.0,https://i.ytimg.com/vi/AUK47W_fg4E/maxresdefault.jpg,1280.0,720.0,SEE Sociedad Ecuatoriana de Estad칤stica,"['#estad칤stica', '#datascience', '#python', '#R', '#RStudio', '#analisisdedatos', '#cursos', '#Capacitaci칩n', '#DataScience', '#SEE', '#Capacitaciones', '#Shiny', '췅RShiny', 'Ecuador', '593', '+593', 'ViolenciaGenero', 'Mujer', 'ecuatoriano', 'Women in Data Science', 'WIDS', 'WIDS 2022', 'Machala', 'WIDS Machala']",28,none,Determinantes de la violencia hacia la mujer en Ecuador,"Women in Data Science 2022
                                                     Machala

Expositora: 
                       Andrea Freire Pesantez
                       Mayerling Leines Gonz치lez
Embajadora: 
                       Linda Cabera

WIDS - SEE",es-419,PT38M1S,2d,hd,false,False,rectangular
9,youtube#video,2dugVIF6u-1Hn59qDsk33-5KWyw,JGXSs_Xyz_0,2022-07-23T00:30:03Z,UCSidMlxGqZ0NBrTjGzhfdjg,An치lisis de series de tiempo usando Facebook Prophet para la toma de decisiones,"Women in Data Science 2022
                                                     Machala

Expositora: 
                       Rosario Jaramillo Zhunaula
Embajadora: 
                       Linda Cabera

WIDS - SEE",https://i.ytimg.com/vi/JGXSs_Xyz_0/default.jpg,120,90,https://i.ytimg.com/vi/JGXSs_Xyz_0/mqdefault.jpg,320,180,https://i.ytimg.com/vi/JGXSs_Xyz_0/hqdefault.jpg,480,360,https://i.ytimg.com/vi/JGXSs_Xyz_0/sddefault.jpg,640.0,480.0,https://i.ytimg.com/vi/JGXSs_Xyz_0/maxresdefault.jpg,1280.0,720.0,SEE Sociedad Ecuatoriana de Estad칤stica,"['#estad칤stica', '#datascience', '#python', '#R', '#RStudio', '#analisisdedatos', '#cursos', '#Capacitaci칩n', '#DataScience', '#SEE', '#Capacitaciones', '#Shiny', '췅RShiny', 'Ecuador', '593', '+593', 'ViolenciaGenero', 'Mujer', 'ecuatoriano', 'Women in Data Science', 'WIDS', 'WIDS 2022', 'Machala', 'WIDS Machala']",28,none,An치lisis de series de tiempo usando Facebook Prophet para la toma de decisiones,"Women in Data Science 2022
                                                     Machala

Expositora: 
                       Rosario Jaramillo Zhunaula
Embajadora: 
                       Linda Cabera

WIDS - SEE",es-419,PT28M30S,2d,hd,false,False,rectangular
10,youtube#video,Ladge51EAKQf_kgaR1xVKTI333A,SKNAiBtJ5tU,2022-07-11T22:30:11Z,UCSidMlxGqZ0NBrTjGzhfdjg,WIDS Guayaquil - Bienvenida,"Women in Data Science 2022
                                                     Guayaquil

Embajadora: Julissa Maldonado
WIDS - SEE",https://i.ytimg.com/vi/SKNAiBtJ5tU/default.jpg,120,90,https://i.ytimg.com/vi/SKNAiBtJ5tU/mqdefault.jpg,320,180,https://i.ytimg.com/vi/SKNAiBtJ5tU/hqdefault.jpg,480,360,https://i.ytimg.com/vi/SKNAiBtJ5tU/sddefault.jpg,640.0,480.0,https://i.ytimg.com/vi/SKNAiBtJ5tU/maxresdefault.jpg,1280.0,720.0,SEE Sociedad Ecuatoriana de Estad칤stica,"['#estad칤stica', '#datascience', '#python', '#R', '#RStudio', '#analisisdedatos', '#cursos', '#Capacitaci칩n', '#DataScience', '#SEE', '#Capacitaciones', '#Shiny', '췅RShiny', 'Ecuador', '593', '+593', 'ViolenciaGenero', 'Mujer', 'ecuatoriano', 'Women in Data Science', 'WIDS', 'WIDS 2022', 'Guayaquil', 'WIDS Guayaquil']",28,none,WIDS Guayaquil - Bienvenida,"Women in Data Science 2022
                                                     Guayaquil

Embajadora: Julissa Maldonado
WIDS - SEE",es-419,PT4M46S,2d,hd,false,False,rectangular
11,youtube#video,yNdGRumNS1OrLs7HrBD7Cp34Rg4,l0d2TW1WUtM,2022-07-12T00:00:24Z,UCSidMlxGqZ0NBrTjGzhfdjg,Modelos crediticios aplicados en Retail,"Women in Data Science 2022
                                                     Guayaquil

Expositoras: 
                       Veronica Ortiz Vera
Embajadora: 
                       Julissa Maldonado

WIDS - SEE",https://i.ytimg.com/vi/l0d2TW1WUtM/default.jpg,120,90,https://i.ytimg.com/vi/l0d2TW1WUtM/mqdefault.jpg,320,180,https://i.ytimg.com/vi/l0d2TW1WUtM/hqdefault.jpg,480,360,https://i.ytimg.com/vi/l0d2TW1WUtM/sddefault.jpg,640.0,480.0,https://i.ytimg.com/vi/l0d2TW1WUtM/maxresdefault.jpg,1280.0,720.0,SEE Sociedad Ecuatoriana de Estad칤stica,"['#estad칤stica', '#datascience', '#python', '#R', '#RStudio', '#analisisdedatos', '#cursos', '#Capacitaci칩n', '#DataScience', '#SEE', '#Capacitaciones', '#Shiny', '췅RShiny', 'Ecuador', '593', '+593', 'ViolenciaGenero', 'Mujer', 'ecuatoriano', 'Women in Data Science', 'WIDS', 'WIDS 2022', 'Guayaquil', 'WIDS Guayaquil']",28,none,Modelos crediticios aplicados en Retail,"Women in Data Science 2022
                                                     Guayaquil

Expositoras: 
                       Veronica Ortiz Vera
Embajadora: 
                       Julissa Maldonado

WIDS - SEE",es-419,PT45M1S,2d,hd,false,False,rectangular
12,youtube#video,84VolF5fog3llNyVWBtkEMvHmUU,Vify7t3Tt44,2022-07-13T00:00:08Z,UCSidMlxGqZ0NBrTjGzhfdjg,Gr치ficos de control y la teor칤a difusa,"Women in Data Science 2022
                                                     Guayaquil

Expositora: 
                       Mar칤a Pastuizaca Fern치ndez
Embajadora: 
                       Julissa Maldonado

WIDS - SEE",https://i.ytimg.com/vi/Vify7t3Tt44/default.jpg,120,90,https://i.ytimg.com/vi/Vify7t3Tt44/mqdefault.jpg,320,180,https://i.ytimg.com/vi/Vify7t3Tt44/hqdefault.jpg,480,360,https://i.ytimg.com/vi/Vify7t3Tt44/sddefault.jpg,640.0,480.0,https://i.ytimg.com/vi/Vify7t3Tt44/maxresdefault.jpg,1280.0,720.0,SEE Sociedad Ecuatoriana de Estad칤stica,"['#estad칤stica', '#datascience', '#python', '#R', '#RStudio', '#analisisdedatos', '#cursos', '#Capacitaci칩n', '#DataScience', '#SEE', '#Capacitaciones', '#Shiny', '췅RShiny', 'Ecuador', '593', '+593', 'ViolenciaGenero', 'Mujer', 'ecuatoriano', 'Women in Data Science', 'WIDS', 'WIDS 2022', 'Guayaquil', 'WIDS Guayaquil']",28,none,Gr치ficos de control y la teor칤a difusa,"Women in Data Science 2022
                                                     Guayaquil

Expositora: 
                       Mar칤a Pastuizaca Fern치ndez
Embajadora: 
                       Julissa Maldonado

WIDS - SEE",es-419,PT50M1S,2d,hd,false,False,rectangular
13,youtube#video,Vlyj7kovMqPXd-tyw4oTRWOzHLE,vyTKKd4an3s,2022-07-15T00:00:19Z,UCSidMlxGqZ0NBrTjGzhfdjg,C치lculo espacial del porcentaje de 치rea con respecto a una unidad de territorio,"Women in Data Science 2022
                                                     Guayaquil
Tema:
C치lculo espacial del porcentaje de 치rea con respecto a una unidad de territorio sobre una categoria de estudio

Expositora: 
                       Vanessa Mendoza Zamora
Embajadora: 
                       Julissa Maldonado

WIDS - SEE",https://i.ytimg.com/vi/vyTKKd4an3s/default.jpg,120,90,https://i.ytimg.com/vi/vyTKKd4an3s/mqdefault.jpg,320,180,https://i.ytimg.com/vi/vyTKKd4an3s/hqdefault.jpg,480,360,https://i.ytimg.com/vi/vyTKKd4an3s/sddefault.jpg,640.0,480.0,https://i.ytimg.com/vi/vyTKKd4an3s/maxresdefault.jpg,1280.0,720.0,SEE Sociedad Ecuatoriana de Estad칤stica,"['#estad칤stica', '#datascience', '#python', '#R', '#RStudio', '#analisisdedatos', '#cursos', '#Capacitaci칩n', '#DataScience', '#SEE', '#Capacitaciones', '#Shiny', '췅RShiny', 'Ecuador', '593', '+593', 'ViolenciaGenero', 'Mujer', 'ecuatoriano', 'Women in Data Science', 'WIDS', 'WIDS 2022', 'Guayaquil', 'WIDS Guayaquil']",28,none,C치lculo espacial del porcentaje de 치rea con respecto a una unidad de territorio,"Women in Data Science 2022
                                                     Guayaquil
Tema:
C치lculo espacial del porcentaje de 치rea con respecto a una unidad de territorio sobre una categoria de estudio

Expositora: 
                       Vanessa Mendoza Zamora
Embajadora: 
                       Julissa Maldonado

WIDS - SEE",es-419,PT34M10S,2d,hd,false,False,rectangular
14,youtube#video,9pJ0WF_yZ5-0fGx74b32Z7ux3OA,55o97eMad1w,2022-07-16T00:00:02Z,UCSidMlxGqZ0NBrTjGzhfdjg,C치lculo e identificaci칩n de la cobertura arb칩rea de Guayaquil Urbano empleando AI,"Women in Data Science 2022
                                                     Guayaquil

Expositora: 
                       Fernanda Jurado Mantilla
Embajadora: 
                       Julissa Maldonado

WIDS - SEE",https://i.ytimg.com/vi/55o97eMad1w/default.jpg,120,90,https://i.ytimg.com/vi/55o97eMad1w/mqdefault.jpg,320,180,https://i.ytimg.com/vi/55o97eMad1w/hqdefault.jpg,480,360,https://i.ytimg.com/vi/55o97eMad1w/sddefault.jpg,640.0,480.0,https://i.ytimg.com/vi/55o97eMad1w/maxresdefault.jpg,1280.0,720.0,SEE Sociedad Ecuatoriana de Estad칤stica,"['#estad칤stica', '#datascience', '#python', '#R', '#RStudio', '#analisisdedatos', '#cursos', '#Capacitaci칩n', '#DataScience', '#SEE', '#Capacitaciones', '#Shiny', '췅RShiny', 'Ecuador', '593', '+593', 'ViolenciaGenero', 'Mujer', 'ecuatoriano', 'Women in Data Science', 'WIDS', 'WIDS 2022', 'Guayaquil', 'WIDS Guayaquil']",28,none,C치lculo e identificaci칩n de la cobertura arb칩rea de Guayaquil Urbano empleando AI,"Women in Data Science 2022
                                                     Guayaquil

Expositora: 
                       Fernanda Jurado Mantilla
Embajadora: 
                       Julissa Maldonado

WIDS - SEE",es-419,PT23M1S,2d,hd,false,False,rectangular
15,youtube#video,OJlUFdOpyl_t-LFRskHR2yCsYkc,Js5pUOwjkUo,2022-07-04T18:30:09Z,UCSidMlxGqZ0NBrTjGzhfdjg,WIDS Cuenca - Bienvenida,"Women in Data Science 2022
                                                     Cuenca

Embajadora: Elena El Habil
WIDS - SEE",https://i.ytimg.com/vi/Js5pUOwjkUo/default.jpg,120,90,https://i.ytimg.com/vi/Js5pUOwjkUo/mqdefault.jpg,320,180,https://i.ytimg.com/vi/Js5pUOwjkUo/hqdefault.jpg,480,360,https://i.ytimg.com/vi/Js5pUOwjkUo/sddefault.jpg,640.0,480.0,https://i.ytimg.com/vi/Js5pUOwjkUo/maxresdefault.jpg,1280.0,720.0,SEE Sociedad Ecuatoriana de Estad칤stica,"['#estad칤stica', '#datascience', '#python', '#R', '#RStudio', '#analisisdedatos', '#cursos', '#Capacitaci칩n', '#DataScience', '#SEE', '#Capacitaciones', '#Shiny', '췅RShiny', 'Ecuador', '593', '+593', 'ViolenciaGenero', 'Mujer', 'ecuatoriano', 'Women in Data Science', 'WIDS', 'WIDS 2022', 'Cuenca', 'WIDS CUENCA']",28,none,WIDS Cuenca - Bienvenida,"Women in Data Science 2022
                                                     Cuenca

Embajadora: Elena El Habil
WIDS - SEE",es-419,PT4M51S,2d,hd,false,False,rectangular
16,youtube#video,Al6Cg1_wgeWxoZ0uROkFhyWAkL8,rh-7-1wTO6M,2022-07-04T22:30:11Z,UCSidMlxGqZ0NBrTjGzhfdjg,Modelo de Predicci칩n/Clasificaci칩n de Inactivaci칩n/Deserci칩n de clientes una instituci칩n financiera,"Women in Data Science 2022
                                                     Cuenca

Expositoras: 
                       Katerine Arichab치la Coronel
                       Joselyne Salamea Contreras

Embajadora: 
                       Elena El Habil

WIDS - SEE",https://i.ytimg.com/vi/rh-7-1wTO6M/default.jpg,120,90,https://i.ytimg.com/vi/rh-7-1wTO6M/mqdefault.jpg,320,180,https://i.ytimg.com/vi/rh-7-1wTO6M/hqdefault.jpg,480,360,https://i.ytimg.com/vi/rh-7-1wTO6M/sddefault.jpg,640.0,480.0,https://i.ytimg.com/vi/rh-7-1wTO6M/maxresdefault.jpg,1280.0,720.0,SEE Sociedad Ecuatoriana de Estad칤stica,"['#estad칤stica', '#datascience', '#python', '#R', '#RStudio', '#analisisdedatos', '#cursos', '#Capacitaci칩n', '#DataScience', '#SEE', '#Capacitaciones', '#Shiny', '췅RShiny', 'Ecuador', '593', '+593', 'ViolenciaGenero', 'Mujer', 'ecuatoriano', 'Women in Data Science', 'WIDS', 'WIDS 2022', 'Cuenca', 'WIDS CUENCA']",28,none,Modelo de Predicci칩n/Clasificaci칩n de Inactivaci칩n/Deserci칩n de clientes una instituci칩n financiera,"Women in Data Science 2022
                                                     Cuenca

Expositoras: 
                       Katerine Arichab치la Coronel
                       Joselyne Salamea Contreras

Embajadora: 
                       Elena El Habil

WIDS - SEE",es-419,PT33M11S,2d,hd,false,False,rectangular
17,youtube#video,W6dAZHtDg8maf0W1HmWoS5sSsgc,w1tSYwtMrXo,2022-07-06T00:00:11Z,UCSidMlxGqZ0NBrTjGzhfdjg,La importancia de un datalake en la Gesti칩n de Riesgos,"Women in Data Science 2022
                                                     Cuenca

Expositoras: 
                       Sof칤a V칤tores S치nchez

Embajadora: 
                       Elena El Habil

WIDS - SEE",https://i.ytimg.com/vi/w1tSYwtMrXo/default.jpg,120,90,https://i.ytimg.com/vi/w1tSYwtMrXo/mqdefault.jpg,320,180,https://i.ytimg.com/vi/w1tSYwtMrXo/hqdefault.jpg,480,360,https://i.ytimg.com/vi/w1tSYwtMrXo/sddefault.jpg,640.0,480.0,https://i.ytimg.com/vi/w1tSYwtMrXo/maxresdefault.jpg,1280.0,720.0,SEE Sociedad Ecuatoriana de Estad칤stica,"['#estad칤stica', '#datascience', '#python', '#R', '#RStudio', '#analisisdedatos', '#cursos', '#Capacitaci칩n', '#DataScience', '#SEE', '#Capacitaciones', '#Shiny', '췅RShiny', 'Ecuador', '593', '+593', 'ViolenciaGenero', 'Mujer', 'ecuatoriano', 'Women in Data Science', 'WIDS', 'WIDS 2022', 'Cuenca', 'WIDS CUENCA']",28,none,La importancia de un datalake en la Gesti칩n de Riesgos,"Women in Data Science 2022
                                                     Cuenca

Expositoras: 
                       Sof칤a V칤tores S치nchez

Embajadora: 
                       Elena El Habil

WIDS - SEE",es-419,PT32M36S,2d,hd,false,False,rectangular
18,youtube#video,xovfOZLYfqpvsUOmquoveZQXbpE,l_EZcVV07IM,2022-07-08T00:00:24Z,UCSidMlxGqZ0NBrTjGzhfdjg,Denoising towards Data Science,"Women in Data Science 2022
                                                     Cuenca

Expositoras: 
                       Mar칤a P칠rez Hern치ndez

Embajadora: 
                       Elena El Habil

WIDS - SEE",https://i.ytimg.com/vi/l_EZcVV07IM/default.jpg,120,90,https://i.ytimg.com/vi/l_EZcVV07IM/mqdefault.jpg,320,180,https://i.ytimg.com/vi/l_EZcVV07IM/hqdefault.jpg,480,360,https://i.ytimg.com/vi/l_EZcVV07IM/sddefault.jpg,640.0,480.0,https://i.ytimg.com/vi/l_EZcVV07IM/maxresdefault.jpg,1280.0,720.0,SEE Sociedad Ecuatoriana de Estad칤stica,"['#estad칤stica', '#datascience', '#python', '#R', '#RStudio', '#analisisdedatos', '#cursos', '#Capacitaci칩n', '#DataScience', '#SEE', '#Capacitaciones', '#Shiny', '췅RShiny', 'Ecuador', '593', '+593', 'ViolenciaGenero', 'Mujer', 'ecuatoriano', 'Women in Data Science', 'WIDS', 'WIDS 2022', 'Cuenca', 'WIDS CUENCA']",28,none,Denoising towards Data Science,"Women in Data Science 2022
                                                     Cuenca

Expositoras: 
                       Mar칤a P칠rez Hern치ndez

Embajadora: 
                       Elena El Habil

WIDS - SEE",es-419,PT36M1S,2d,hd,false,False,rectangular
19,youtube#video,SRCUIrDSLyNbiUHArfZQhwTw8LY,3e9FXMh-eAc,2022-07-09T00:00:02Z,UCSidMlxGqZ0NBrTjGzhfdjg,"Impactar al negocio, contando historias con los datos","Women in Data Science 2022
                                                     Cuenca

Expositoras: 
                       Silvana Cisneros Lopez
Embajadora: 
                       Elena El Habil

WIDS - SEE",https://i.ytimg.com/vi/3e9FXMh-eAc/default.jpg,120,90,https://i.ytimg.com/vi/3e9FXMh-eAc/mqdefault.jpg,320,180,https://i.ytimg.com/vi/3e9FXMh-eAc/hqdefault.jpg,480,360,https://i.ytimg.com/vi/3e9FXMh-eAc/sddefault.jpg,640.0,480.0,https://i.ytimg.com/vi/3e9FXMh-eAc/maxresdefault.jpg,1280.0,720.0,SEE Sociedad Ecuatoriana de Estad칤stica,"['#estad칤stica', '#datascience', '#python', '#R', '#RStudio', '#analisisdedatos', '#cursos', '#Capacitaci칩n', '#DataScience', '#SEE', '#Capacitaciones', '#Shiny', '췅RShiny', 'Ecuador', '593', '+593', 'ViolenciaGenero', 'Mujer', 'ecuatoriano', 'Women in Data Science', 'WIDS', 'WIDS 2022', 'Cuenca', 'WIDS CUENCA']",28,none,"Impactar al negocio, contando historias con los datos","Women in Data Science 2022
                                                     Cuenca

Expositoras: 
                       Silvana Cisneros Lopez
Embajadora: 
                       Elena El Habil

WIDS - SEE",es-419,PT44M1S,2d,hd,false,False,rectangular
20,youtube#video,_kDQXSCbk_lwXfvJ7_o8XeeK89A,05dfb-7SS0M,2021-12-10T13:31:11Z,UCSidMlxGqZ0NBrTjGzhfdjg,Clase 1 An치lisis de Redes Sociales usando R,Clase 1 An치lisis de Redes Sociales usando R,https://i.ytimg.com/vi/05dfb-7SS0M/default.jpg,120,90,https://i.ytimg.com/vi/05dfb-7SS0M/mqdefault.jpg,320,180,https://i.ytimg.com/vi/05dfb-7SS0M/hqdefault.jpg,480,360,https://i.ytimg.com/vi/05dfb-7SS0M/sddefault.jpg,640.0,480.0,https://i.ytimg.com/vi/05dfb-7SS0M/maxresdefault.jpg,1280.0,720.0,SEE Sociedad Ecuatoriana de Estad칤stica,,28,none,Clase 1 An치lisis de Redes Sociales usando R,Clase 1 An치lisis de Redes Sociales usando R,es-419,PT1H58M54S,2d,hd,false,False,rectangular
21,youtube#video,6Me4JIG0r4l8deyy_0SIEFG82F0,JuysAYdtnGI,2020-05-01T21:32:35Z,UC7t5DTFPDLJDXieYPw0jZUg,Eliminar datos o valores nulos en R (NA),"Se muestra diferentes formas en R  de como eliminar datos nulos (tambi칠n llamados NA) de un dataframe definido inicialmente.

Este ejemplo se puede ver en mi web personal http://www.diegocalvo.es/eliminar-na-o-valores-nulos-en-r

Diego Calvo - Canal de An치lisis de datos
Web: http://www.diegocalvo.es
LinkedIn: https://www.linkedin.com/in/diego-calvo
Twitter: https://twitter.com/diegocalvo_es",https://i.ytimg.com/vi/JuysAYdtnGI/default.jpg,120,90,https://i.ytimg.com/vi/JuysAYdtnGI/mqdefault.jpg,320,180,https://i.ytimg.com/vi/JuysAYdtnGI/hqdefault.jpg,480,360,https://i.ytimg.com/vi/JuysAYdtnGI/sddefault.jpg,640.0,480.0,https://i.ytimg.com/vi/JuysAYdtnGI/maxresdefault.jpg,1280.0,720.0,Diego Calvo,"['eliminar', 'datos', 'nulos', 'na', 'Diego Calvo']",28,none,Eliminar datos o valores nulos en R (NA),"Se muestra diferentes formas en R  de como eliminar datos nulos (tambi칠n llamados NA) de un dataframe definido inicialmente.

Este ejemplo se puede ver en mi web personal http://www.diegocalvo.es/eliminar-na-o-valores-nulos-en-r

Diego Calvo - Canal de An치lisis de datos
Web: http://www.diegocalvo.es
LinkedIn: https://www.linkedin.com/in/diego-calvo
Twitter: https://twitter.com/diegocalvo_es",es-ES,PT1M41S,2d,hd,false,False,rectangular
22,youtube#video,iDz3OiFSKc7Pk3tGfGX-3fuNYS8,BWi1hFGPTtw,2020-05-03T07:44:06Z,UC7t5DTFPDLJDXieYPw0jZUg,Ordenar datos en R,"Se muestran diferentes formas en R de ordenar datos tanto para vectores como para dataframes.

Este ejemplo se puede ver en mi web personal http://www.diegocalvo.es/eliminar-na-o-valores-nulos-en-r

Diego Calvo - Canal de An치lisis de datos
Web: http://www.diegocalvo.es
LinkedIn: https://www.linkedin.com/in/diego-calvo
Twitter: https://twitter.com/diegocalvo_es",https://i.ytimg.com/vi/BWi1hFGPTtw/default.jpg,120,90,https://i.ytimg.com/vi/BWi1hFGPTtw/mqdefault.jpg,320,180,https://i.ytimg.com/vi/BWi1hFGPTtw/hqdefault.jpg,480,360,https://i.ytimg.com/vi/BWi1hFGPTtw/sddefault.jpg,640.0,480.0,https://i.ytimg.com/vi/BWi1hFGPTtw/maxresdefault.jpg,1280.0,720.0,Diego Calvo,"['ordenar', 'datos', 'dataframe', 'vector', 'programaci칩n R']",28,none,Ordenar datos en R,"Se muestran diferentes formas en R de ordenar datos tanto para vectores como para dataframes.

Este ejemplo se puede ver en mi web personal http://www.diegocalvo.es/eliminar-na-o-valores-nulos-en-r

Diego Calvo - Canal de An치lisis de datos
Web: http://www.diegocalvo.es
LinkedIn: https://www.linkedin.com/in/diego-calvo
Twitter: https://twitter.com/diegocalvo_es",es-ES,PT3M26S,2d,hd,false,False,rectangular
23,youtube#video,hMFKujkI6HBx1BkgaYwZTUaUNLw,rwryI4c7NMY,2020-05-04T13:14:32Z,UC7t5DTFPDLJDXieYPw0jZUg,Descargar y utilizar un repositorio de GitHub en RStudio,"Se muestra como descargar un repositorio de GitHub en RStudio y posteriormente como subir las actualizaciones al GitHub descargado.

Diego Calvo - Canal de An치lisis de datos
Web: http://www.diegocalvo.es
LinkedIn: https://www.linkedin.com/in/diego-calvo
Twitter: https://twitter.com/diegocalvo_es",https://i.ytimg.com/vi/rwryI4c7NMY/default.jpg,120,90,https://i.ytimg.com/vi/rwryI4c7NMY/mqdefault.jpg,320,180,https://i.ytimg.com/vi/rwryI4c7NMY/hqdefault.jpg,480,360,,,,,,,Diego Calvo,"['descargar', 'github', 'repositorio', 'usar', 'RStudio']",28,none,Descargar y utilizar un repositorio de GitHub en RStudio,"Se muestra como descargar un repositorio de GitHub en RStudio y posteriormente como subir las actualizaciones al GitHub descargado.

Diego Calvo - Canal de An치lisis de datos
Web: http://www.diegocalvo.es
LinkedIn: https://www.linkedin.com/in/diego-calvo
Twitter: https://twitter.com/diegocalvo_es",es-ES,PT3M33S,2d,hd,false,False,rectangular
24,youtube#video,Sm8EmtupfXhzjyLUmJjmi0ijxSg,PwtESstqdQ4,2020-05-04T14:47:09Z,UC7t5DTFPDLJDXieYPw0jZUg,Eliminar columnas de dataframes en R,"Se muestran diferentes formas de c칩mo eliminar columnas de un dataframe en R

Este ejemplo se puede ver en mi web personal http://www.diegocalvo.es/eliminar-columnas-dataframe-r/

Diego Calvo - Canal de An치lisis de datos
Web: http://www.diegocalvo.es
LinkedIn: https://www.linkedin.com/in/diego-calvo
Twitter: https://twitter.com/diegocalvo_es",https://i.ytimg.com/vi/PwtESstqdQ4/default.jpg,120,90,https://i.ytimg.com/vi/PwtESstqdQ4/mqdefault.jpg,320,180,https://i.ytimg.com/vi/PwtESstqdQ4/hqdefault.jpg,480,360,https://i.ytimg.com/vi/PwtESstqdQ4/sddefault.jpg,640.0,480.0,https://i.ytimg.com/vi/PwtESstqdQ4/maxresdefault.jpg,1280.0,720.0,Diego Calvo,"['Diego Calvo', 'An치lisis de datos']",28,none,Eliminar columnas de dataframes en R,"Se muestran diferentes formas de c칩mo eliminar columnas de un dataframe en R

Este ejemplo se puede ver en mi web personal http://www.diegocalvo.es/eliminar-columnas-dataframe-r/

Diego Calvo - Canal de An치lisis de datos
Web: http://www.diegocalvo.es
LinkedIn: https://www.linkedin.com/in/diego-calvo
Twitter: https://twitter.com/diegocalvo_es",es-ES,PT2M25S,2d,hd,false,False,rectangular
25,youtube#video,Ipqrra6az1iaRZBebb17Xn9pMyQ,zuMvPzlsqAw,2020-05-05T18:39:33Z,UC7t5DTFPDLJDXieYPw0jZUg,Gra패ficos de l칤neas con ggplot2 en R,"Se muestra c칩mo realizar gr치ficos de l칤neas simples y m칰ltiples en R

Este ejemplo se puede ver en mi web personal http://www.diegocalvo.es/ejemplo-de-grafico-de-lineas-en-r

Diego Calvo - Canal de An치lisis de datos
Web: http://www.diegocalvo.es
LinkedIn: https://www.linkedin.com/in/diego-calvo
Twitter: https://twitter.com/diegocalvo_es",https://i.ytimg.com/vi/zuMvPzlsqAw/default.jpg,120,90,https://i.ytimg.com/vi/zuMvPzlsqAw/mqdefault.jpg,320,180,https://i.ytimg.com/vi/zuMvPzlsqAw/hqdefault.jpg,480,360,https://i.ytimg.com/vi/zuMvPzlsqAw/sddefault.jpg,640.0,480.0,https://i.ytimg.com/vi/zuMvPzlsqAw/maxresdefault.jpg,1280.0,720.0,Diego Calvo,"['graficos', 'lineas', 'ggplot2', 'ggplot', 'programaci칩n R']",28,none,Gra패ficos de l칤neas con ggplot2 en R,"Se muestra c칩mo realizar gr치ficos de l칤neas simples y m칰ltiples en R

Este ejemplo se puede ver en mi web personal http://www.diegocalvo.es/ejemplo-de-grafico-de-lineas-en-r

Diego Calvo - Canal de An치lisis de datos
Web: http://www.diegocalvo.es
LinkedIn: https://www.linkedin.com/in/diego-calvo
Twitter: https://twitter.com/diegocalvo_es",es-ES,PT4M38S,2d,hd,false,False,rectangular
26,youtube#video,5tBrxXQ2buLoVr2npW9DNbjJo4k,opYWATqrWSM,2020-02-13T18:52:22Z,UC7t5DTFPDLJDXieYPw0jZUg,Insertar Imagen en Power Bi,"En este v칤deo se muestra como insertar una imagen en Power Bi. 

Diego Calvo - Canal de An치lisis de datos
Web: http://www.diegocalvo.es
LinkedIn: https://www.linkedin.com/in/diego-calvo
Twitter: https://twitter.com/diegocalvo_es",https://i.ytimg.com/vi/opYWATqrWSM/default.jpg,120,90,https://i.ytimg.com/vi/opYWATqrWSM/mqdefault.jpg,320,180,https://i.ytimg.com/vi/opYWATqrWSM/hqdefault.jpg,480,360,https://i.ytimg.com/vi/opYWATqrWSM/sddefault.jpg,640.0,480.0,https://i.ytimg.com/vi/opYWATqrWSM/maxresdefault.jpg,1280.0,720.0,Diego Calvo,"['Como', 'insertar', 'imagen', 'power bi', 'como insertar imagen power bi', 'Diego Calvo']",28,none,Insertar Imagen en Power Bi,"En este v칤deo se muestra como insertar una imagen en Power Bi. 

Diego Calvo - Canal de An치lisis de datos
Web: http://www.diegocalvo.es
LinkedIn: https://www.linkedin.com/in/diego-calvo
Twitter: https://twitter.com/diegocalvo_es",es,PT34S,2d,hd,false,False,rectangular
27,youtube#video,_Uu9gFdMHHKGPLnghVo91BmiGUw,Lcqsv8-eFFw,2020-07-14T01:48:08Z,UCb5aI-GwJm3ZxlwtCsLu78Q,How to plot your data with R (ggplot2 tutorial) - R basics,"游댒 *Subscribe for weekly R videos:* https://www.youtube.com/channel/UCb5aI-GwJm3ZxlwtCsLu78Q?sub_confirmation=1

In this tutorial you'll learn how to build plots using R with ggplot and the tidyverse, including how to plot multiple lines on the same plot. We'll work step-by-step through the ""Visualisation"" chapter in R for Data Science (https://r4ds.had.co.nz/data-visualisation.html) written by Garrett Grolemund and Hadley Wickham which is an excellent textbook on learning how to use R for data science.

游꿀 *Enjoyed this video?* Leave a comment below to share what you liked the most!

The ggplot2 cheatsheet: https://rstudio.com/wp-content/uploads/2015/03/ggplot2-cheatsheet.pdf

Timestamps:

0:00 Intro
0:28 Load the tidyverse packages = https://r4ds.had.co.nz/data-visualisation.html#introduction-1
1:35 First steps = https://r4ds.had.co.nz/data-visualisation.html#first-steps
4:10 Aesthetic mappings = https://r4ds.had.co.nz/data-visualisation.html#aesthetic-mappings
8:58 Common problems = https://r4ds.had.co.nz/data-visualisation.html#common-problems
11:30 Facets = https://r4ds.had.co.nz/data-visualisation.html#facets
13:28 Geometric objects = https://r4ds.had.co.nz/data-visualisation.html#geometric-objects
18:00 Statistical transformations = https://r4ds.had.co.nz/data-visualisation.html#statistical-transformations
23:10 Position adjustments = https://r4ds.had.co.nz/data-visualisation.html#position-adjustments
28:07 Coordinate systems =  https://r4ds.had.co.nz/data-visualisation.html#coordinate-systems
31:25 Bonus: Reducing amount of typing by moving aes() back to ggplot()

#rstats #rstudio #ggplot #datascience",https://i.ytimg.com/vi/Lcqsv8-eFFw/default.jpg,120,90,https://i.ytimg.com/vi/Lcqsv8-eFFw/mqdefault.jpg,320,180,https://i.ytimg.com/vi/Lcqsv8-eFFw/hqdefault.jpg,480,360,https://i.ytimg.com/vi/Lcqsv8-eFFw/sddefault.jpg,640.0,480.0,https://i.ytimg.com/vi/Lcqsv8-eFFw/maxresdefault.jpg,1280.0,720.0,Tom Henry - data science with R,"['rstats', 'rstudio', 'ggplot', 'datascience']",28,none,How to plot your data with R (ggplot2 tutorial) - R basics,"游댒 *Subscribe for weekly R videos:* https://www.youtube.com/channel/UCb5aI-GwJm3ZxlwtCsLu78Q?sub_confirmation=1

In this tutorial you'll learn how to build plots using R with ggplot and the tidyverse, including how to plot multiple lines on the same plot. We'll work step-by-step through the ""Visualisation"" chapter in R for Data Science (https://r4ds.had.co.nz/data-visualisation.html) written by Garrett Grolemund and Hadley Wickham which is an excellent textbook on learning how to use R for data science.

游꿀 *Enjoyed this video?* Leave a comment below to share what you liked the most!

The ggplot2 cheatsheet: https://rstudio.com/wp-content/uploads/2015/03/ggplot2-cheatsheet.pdf

Timestamps:

0:00 Intro
0:28 Load the tidyverse packages = https://r4ds.had.co.nz/data-visualisation.html#introduction-1
1:35 First steps = https://r4ds.had.co.nz/data-visualisation.html#first-steps
4:10 Aesthetic mappings = https://r4ds.had.co.nz/data-visualisation.html#aesthetic-mappings
8:58 Common problems = https://r4ds.had.co.nz/data-visualisation.html#common-problems
11:30 Facets = https://r4ds.had.co.nz/data-visualisation.html#facets
13:28 Geometric objects = https://r4ds.had.co.nz/data-visualisation.html#geometric-objects
18:00 Statistical transformations = https://r4ds.had.co.nz/data-visualisation.html#statistical-transformations
23:10 Position adjustments = https://r4ds.had.co.nz/data-visualisation.html#position-adjustments
28:07 Coordinate systems =  https://r4ds.had.co.nz/data-visualisation.html#coordinate-systems
31:25 Bonus: Reducing amount of typing by moving aes() back to ggplot()

#rstats #rstudio #ggplot #datascience",,PT33M42S,2d,hd,false,False,rectangular
28,youtube#video,v-dUutwRd1mOTsOMRorMnKN6Qrg,khKT1RMe_Fk,2020-07-02T00:56:33Z,UCb5aI-GwJm3ZxlwtCsLu78Q,11 YouTube channels every data scientist should know,"游댒 *Subscribe for weekly R videos:* https://www.youtube.com/channel/UCb5aI-GwJm3ZxlwtCsLu78Q?sub_confirmation=1

I'll take you through 11 YouTube channels that every data scientist should know. These channels will help you to grow in your data science journey, learn productivity and study techniques, and gain exposure to new techniques to work with data in Python and R.

游꿀 *Enjoyed this video?* Leave a comment below to share what you liked the most!

0:00 Intro
0:23 Ken Jee - https://www.youtube.com/c/KenJee1/videos
0:50 David Robinson - https://www.youtube.com/user/safe4democracy/videos
1:17 Ali Abdaal - https://www.youtube.com/user/Sepharoth64/videos
2:00 Julia Silge - https://www.youtube.com/channel/UCTTBgWyJl2HrrhQOOc710kA/videos
2:28 Data Professor - https://www.youtube.com/channel/UCV8e2g4IWQqK71bbzGDEI4Q/videos
2:49 freeCodeCamp.org  - https://www.youtube.com/channel/UC8butISFwT-Wl7EV0hUK0BQ/videos
3:18 Data Science Jay - https://www.youtube.com/c/DataScienceJay/videos
3:35 3Blue1Brown - https://www.youtube.com/channel/UCYO_jab_esuFRV4b17AJtAw/videos
4:04 Lander Analytics - https://www.youtube.com/channel/UC2-hKemnrmVCH_29duyJ26A/videos
4:34 Data School - https://www.youtube.com/c/dataschool/videos
5:01 StatQuest with Josh Starmer - https://www.youtube.com/c/joshstarmer/videos",https://i.ytimg.com/vi/khKT1RMe_Fk/default.jpg,120,90,https://i.ytimg.com/vi/khKT1RMe_Fk/mqdefault.jpg,320,180,https://i.ytimg.com/vi/khKT1RMe_Fk/hqdefault.jpg,480,360,https://i.ytimg.com/vi/khKT1RMe_Fk/sddefault.jpg,640.0,480.0,https://i.ytimg.com/vi/khKT1RMe_Fk/maxresdefault.jpg,1280.0,720.0,Tom Henry - data science with R,,28,none,11 YouTube channels every data scientist should know,"游댒 *Subscribe for weekly R videos:* https://www.youtube.com/channel/UCb5aI-GwJm3ZxlwtCsLu78Q?sub_confirmation=1

I'll take you through 11 YouTube channels that every data scientist should know. These channels will help you to grow in your data science journey, learn productivity and study techniques, and gain exposure to new techniques to work with data in Python and R.

游꿀 *Enjoyed this video?* Leave a comment below to share what you liked the most!

0:00 Intro
0:23 Ken Jee - https://www.youtube.com/c/KenJee1/videos
0:50 David Robinson - https://www.youtube.com/user/safe4democracy/videos
1:17 Ali Abdaal - https://www.youtube.com/user/Sepharoth64/videos
2:00 Julia Silge - https://www.youtube.com/channel/UCTTBgWyJl2HrrhQOOc710kA/videos
2:28 Data Professor - https://www.youtube.com/channel/UCV8e2g4IWQqK71bbzGDEI4Q/videos
2:49 freeCodeCamp.org  - https://www.youtube.com/channel/UC8butISFwT-Wl7EV0hUK0BQ/videos
3:18 Data Science Jay - https://www.youtube.com/c/DataScienceJay/videos
3:35 3Blue1Brown - https://www.youtube.com/channel/UCYO_jab_esuFRV4b17AJtAw/videos
4:04 Lander Analytics - https://www.youtube.com/channel/UC2-hKemnrmVCH_29duyJ26A/videos
4:34 Data School - https://www.youtube.com/c/dataschool/videos
5:01 StatQuest with Josh Starmer - https://www.youtube.com/c/joshstarmer/videos",,PT5M44S,2d,hd,false,False,rectangular
29,youtube#video,C1GoZAF_2lgyVGA4izAhiitdDnE,_VIdomdSNe4,2020-07-07T00:50:09Z,UCb5aI-GwJm3ZxlwtCsLu78Q,9 books to learn machine learning with R,"游댒 *Subscribe for weekly R videos:* https://www.youtube.com/channel/UCb5aI-GwJm3ZxlwtCsLu78Q?sub_confirmation=1

I'll take you through 9 free online books (and an article) that everyone learning machine learning should know to learn statistical techniques, understand how to master different concepts, and work with data in R.

游꿀 *Enjoyed this video?* Leave a comment below to share what you liked the most!

0:00 Intro
0:24 Introduction to Statistical Learning with Applications in R = http://faculty.marshall.usc.edu/gareth-james/ISL/
1:10 ""Spinning up as a Deep RL [Reinforcement Learning] Researcher"" = https://spinningup.openai.com/en/latest/spinningup/spinningup.html
2:12 R for Data Science = https://r4ds.had.co.nz/index.html
3:03 Feature Engineering and Selection = http://www.feat.engineering/
3:44 Advanced R = https://adv-r.hadley.nz/
4:21 R Packages = https://r-pkgs.org/
5:08 Forecasting Principles & Practice = https://otexts.com/fpp3/
5:52 Text Mining with R = https://www.tidytextmining.com/
6:38 Mastering Shiny (in progress) = https://mastering-shiny.org/
7:05 ggplot2 Elegant Graphics for Data Analysis (in progress) = https://ggplot2-book.org/",https://i.ytimg.com/vi/_VIdomdSNe4/default.jpg,120,90,https://i.ytimg.com/vi/_VIdomdSNe4/mqdefault.jpg,320,180,https://i.ytimg.com/vi/_VIdomdSNe4/hqdefault.jpg,480,360,https://i.ytimg.com/vi/_VIdomdSNe4/sddefault.jpg,640.0,480.0,https://i.ytimg.com/vi/_VIdomdSNe4/maxresdefault.jpg,1280.0,720.0,Tom Henry - data science with R,,28,none,9 books to learn machine learning with R,"游댒 *Subscribe for weekly R videos:* https://www.youtube.com/channel/UCb5aI-GwJm3ZxlwtCsLu78Q?sub_confirmation=1

I'll take you through 9 free online books (and an article) that everyone learning machine learning should know to learn statistical techniques, understand how to master different concepts, and work with data in R.

游꿀 *Enjoyed this video?* Leave a comment below to share what you liked the most!

0:00 Intro
0:24 Introduction to Statistical Learning with Applications in R = http://faculty.marshall.usc.edu/gareth-james/ISL/
1:10 ""Spinning up as a Deep RL [Reinforcement Learning] Researcher"" = https://spinningup.openai.com/en/latest/spinningup/spinningup.html
2:12 R for Data Science = https://r4ds.had.co.nz/index.html
3:03 Feature Engineering and Selection = http://www.feat.engineering/
3:44 Advanced R = https://adv-r.hadley.nz/
4:21 R Packages = https://r-pkgs.org/
5:08 Forecasting Principles & Practice = https://otexts.com/fpp3/
5:52 Text Mining with R = https://www.tidytextmining.com/
6:38 Mastering Shiny (in progress) = https://mastering-shiny.org/
7:05 ggplot2 Elegant Graphics for Data Analysis (in progress) = https://ggplot2-book.org/",,PT7M38S,2d,hd,false,False,rectangular
30,youtube#video,_Uu9gFdMHHKGPLnghVo91BmiGUw,Lcqsv8-eFFw,2020-07-14T01:48:08Z,UCb5aI-GwJm3ZxlwtCsLu78Q,How to plot your data with R (ggplot2 tutorial) - R basics,"游댒 *Subscribe for weekly R videos:* https://www.youtube.com/channel/UCb5aI-GwJm3ZxlwtCsLu78Q?sub_confirmation=1

In this tutorial you'll learn how to build plots using R with ggplot and the tidyverse, including how to plot multiple lines on the same plot. We'll work step-by-step through the ""Visualisation"" chapter in R for Data Science (https://r4ds.had.co.nz/data-visualisation.html) written by Garrett Grolemund and Hadley Wickham which is an excellent textbook on learning how to use R for data science.

游꿀 *Enjoyed this video?* Leave a comment below to share what you liked the most!

The ggplot2 cheatsheet: https://rstudio.com/wp-content/uploads/2015/03/ggplot2-cheatsheet.pdf

Timestamps:

0:00 Intro
0:28 Load the tidyverse packages = https://r4ds.had.co.nz/data-visualisation.html#introduction-1
1:35 First steps = https://r4ds.had.co.nz/data-visualisation.html#first-steps
4:10 Aesthetic mappings = https://r4ds.had.co.nz/data-visualisation.html#aesthetic-mappings
8:58 Common problems = https://r4ds.had.co.nz/data-visualisation.html#common-problems
11:30 Facets = https://r4ds.had.co.nz/data-visualisation.html#facets
13:28 Geometric objects = https://r4ds.had.co.nz/data-visualisation.html#geometric-objects
18:00 Statistical transformations = https://r4ds.had.co.nz/data-visualisation.html#statistical-transformations
23:10 Position adjustments = https://r4ds.had.co.nz/data-visualisation.html#position-adjustments
28:07 Coordinate systems =  https://r4ds.had.co.nz/data-visualisation.html#coordinate-systems
31:25 Bonus: Reducing amount of typing by moving aes() back to ggplot()

#rstats #rstudio #ggplot #datascience",https://i.ytimg.com/vi/Lcqsv8-eFFw/default.jpg,120,90,https://i.ytimg.com/vi/Lcqsv8-eFFw/mqdefault.jpg,320,180,https://i.ytimg.com/vi/Lcqsv8-eFFw/hqdefault.jpg,480,360,https://i.ytimg.com/vi/Lcqsv8-eFFw/sddefault.jpg,640.0,480.0,https://i.ytimg.com/vi/Lcqsv8-eFFw/maxresdefault.jpg,1280.0,720.0,Tom Henry - data science with R,"['rstats', 'rstudio', 'ggplot', 'datascience']",28,none,How to plot your data with R (ggplot2 tutorial) - R basics,"游댒 *Subscribe for weekly R videos:* https://www.youtube.com/channel/UCb5aI-GwJm3ZxlwtCsLu78Q?sub_confirmation=1

In this tutorial you'll learn how to build plots using R with ggplot and the tidyverse, including how to plot multiple lines on the same plot. We'll work step-by-step through the ""Visualisation"" chapter in R for Data Science (https://r4ds.had.co.nz/data-visualisation.html) written by Garrett Grolemund and Hadley Wickham which is an excellent textbook on learning how to use R for data science.

游꿀 *Enjoyed this video?* Leave a comment below to share what you liked the most!

The ggplot2 cheatsheet: https://rstudio.com/wp-content/uploads/2015/03/ggplot2-cheatsheet.pdf

Timestamps:

0:00 Intro
0:28 Load the tidyverse packages = https://r4ds.had.co.nz/data-visualisation.html#introduction-1
1:35 First steps = https://r4ds.had.co.nz/data-visualisation.html#first-steps
4:10 Aesthetic mappings = https://r4ds.had.co.nz/data-visualisation.html#aesthetic-mappings
8:58 Common problems = https://r4ds.had.co.nz/data-visualisation.html#common-problems
11:30 Facets = https://r4ds.had.co.nz/data-visualisation.html#facets
13:28 Geometric objects = https://r4ds.had.co.nz/data-visualisation.html#geometric-objects
18:00 Statistical transformations = https://r4ds.had.co.nz/data-visualisation.html#statistical-transformations
23:10 Position adjustments = https://r4ds.had.co.nz/data-visualisation.html#position-adjustments
28:07 Coordinate systems =  https://r4ds.had.co.nz/data-visualisation.html#coordinate-systems
31:25 Bonus: Reducing amount of typing by moving aes() back to ggplot()

#rstats #rstudio #ggplot #datascience",,PT33M42S,2d,hd,false,False,rectangular
31,youtube#video,TIQ2BlXNety49WXRbwX1Xu82ou4,ZM04jn95YP0,2020-07-21T02:10:34Z,UCb5aI-GwJm3ZxlwtCsLu78Q,tidyverse tips & tricks - R advanced,"游댒 *Subscribe for weekly R videos:* https://www.youtube.com/channel/UCb5aI-GwJm3ZxlwtCsLu78Q?sub_confirmation=1

Here are 18 ways to speed up data cleaning, tidying, and exploration with the tidyverse packages in R. They'll help you to work with data more efficiently, simplify your R code, and surprise your friends!!

游꿀 *Enjoyed this video?* Leave a comment below to share what you liked the most!

0:00 Intro
1:04 Create new columns in a count or group_by
2:11 Sample and randomly shuffle data with slice_sample()
3:05 Create a date column specifying year, month, and day
3:25 Parse numbers with parse_number()
4:07 Select columns with starts_with, ends_with, etc.
4:56 case_when to create or change a column when conditions are met
6:36 str_replace_all to find and replace multiple options at once
7:15 Transmute to create or change columns and keep only those columns
7:48 Use pipes everywhere including inside mutates
9:11 Filter groups without making a new column
10:04 Split a string into columns based on a regular expression
11:10 semi_join to pick only rows from the first table which are matched in the second table
12:20 anti_join to pick only rows from the first table which are NOT matched in the second table
12:48 fct_reorder to sort bar charts
14:06 coord_flip to display counts more beautifully
14:32 fct_lump to lump some factor levels into ""Other""
15:26 Generate all combinations using crossing
16:00 Create functions that take column names with double curly braces
18:00 The end

Code:

https://gist.github.com/larsentom/727da01476ad1fe5c066a53cc784417b

#rstats #rstudio #datascience #tidyverse",https://i.ytimg.com/vi/ZM04jn95YP0/default.jpg,120,90,https://i.ytimg.com/vi/ZM04jn95YP0/mqdefault.jpg,320,180,https://i.ytimg.com/vi/ZM04jn95YP0/hqdefault.jpg,480,360,https://i.ytimg.com/vi/ZM04jn95YP0/sddefault.jpg,640.0,480.0,https://i.ytimg.com/vi/ZM04jn95YP0/maxresdefault.jpg,1280.0,720.0,Tom Henry - data science with R,,28,none,tidyverse tips & tricks - R advanced,"游댒 *Subscribe for weekly R videos:* https://www.youtube.com/channel/UCb5aI-GwJm3ZxlwtCsLu78Q?sub_confirmation=1

Here are 18 ways to speed up data cleaning, tidying, and exploration with the tidyverse packages in R. They'll help you to work with data more efficiently, simplify your R code, and surprise your friends!!

游꿀 *Enjoyed this video?* Leave a comment below to share what you liked the most!

0:00 Intro
1:04 Create new columns in a count or group_by
2:11 Sample and randomly shuffle data with slice_sample()
3:05 Create a date column specifying year, month, and day
3:25 Parse numbers with parse_number()
4:07 Select columns with starts_with, ends_with, etc.
4:56 case_when to create or change a column when conditions are met
6:36 str_replace_all to find and replace multiple options at once
7:15 Transmute to create or change columns and keep only those columns
7:48 Use pipes everywhere including inside mutates
9:11 Filter groups without making a new column
10:04 Split a string into columns based on a regular expression
11:10 semi_join to pick only rows from the first table which are matched in the second table
12:20 anti_join to pick only rows from the first table which are NOT matched in the second table
12:48 fct_reorder to sort bar charts
14:06 coord_flip to display counts more beautifully
14:32 fct_lump to lump some factor levels into ""Other""
15:26 Generate all combinations using crossing
16:00 Create functions that take column names with double curly braces
18:00 The end

Code:

https://gist.github.com/larsentom/727da01476ad1fe5c066a53cc784417b

#rstats #rstudio #datascience #tidyverse",,PT18M10S,2d,hd,false,False,rectangular
32,youtube#video,KHHeQL673lltJAOzR1BESpDm0GI,LanBozXJjOk,2020-07-22T03:55:30Z,UCb5aI-GwJm3ZxlwtCsLu78Q,How to install R and RStudio on Mac,"Welcome to the R community! In this episode we'll go through how to install R and RStudio on Mac for the very first time, step-by-step. R is the coding language for working with data (like Python), and RStudio is the best editor to write and run code written in R.

We'll also look at the best book to learn R, called ""R for Data Science"" by Garrett Grolemund and Hadley Wickham. It's free and you can read it online here: https://r4ds.had.co.nz/index.html

游댒 *Subscribe for weekly R videos:* https://www.youtube.com/channel/UCb5aI-GwJm3ZxlwtCsLu78Q?sub_confirmation=1

Download R: https://www.r-project.org/

Download RStudio: https://rstudio.com/products/rstudio/download/#download

游꿀 *Enjoying R?* Share your experiences in the comments below!

Timestamps:

0:00 Intro
0:12 Difference between R & RStudio
0:41 Install R
2:44 Install RStudio
3:59 Start learning R!!
4:25 The end

#rstudio #rstats",https://i.ytimg.com/vi/LanBozXJjOk/default.jpg,120,90,https://i.ytimg.com/vi/LanBozXJjOk/mqdefault.jpg,320,180,https://i.ytimg.com/vi/LanBozXJjOk/hqdefault.jpg,480,360,https://i.ytimg.com/vi/LanBozXJjOk/sddefault.jpg,640.0,480.0,https://i.ytimg.com/vi/LanBozXJjOk/maxresdefault.jpg,1280.0,720.0,Tom Henry - data science with R,,28,none,How to install R and RStudio on Mac,"Welcome to the R community! In this episode we'll go through how to install R and RStudio on Mac for the very first time, step-by-step. R is the coding language for working with data (like Python), and RStudio is the best editor to write and run code written in R.

We'll also look at the best book to learn R, called ""R for Data Science"" by Garrett Grolemund and Hadley Wickham. It's free and you can read it online here: https://r4ds.had.co.nz/index.html

游댒 *Subscribe for weekly R videos:* https://www.youtube.com/channel/UCb5aI-GwJm3ZxlwtCsLu78Q?sub_confirmation=1

Download R: https://www.r-project.org/

Download RStudio: https://rstudio.com/products/rstudio/download/#download

游꿀 *Enjoying R?* Share your experiences in the comments below!

Timestamps:

0:00 Intro
0:12 Difference between R & RStudio
0:41 Install R
2:44 Install RStudio
3:59 Start learning R!!
4:25 The end

#rstudio #rstats",,PT4M31S,2d,hd,false,False,rectangular
33,youtube#video,2F6Pd20RVfOUCeluAFkPRev10qQ,ae_XVhjHd_o,2020-06-30T08:21:17Z,UCb5aI-GwJm3ZxlwtCsLu78Q,How to analyze text using R - word association plots - R advanced,"游댒 *Subscribe for weekly R videos:* https://www.youtube.com/channel/UCb5aI-GwJm3ZxlwtCsLu78Q?sub_confirmation=1

Here's an easy approach to start using R to generate insights from text data. I'll take you through the process of exploring themes in text data by visualizing the relationships between words, using a real dataset with user reviews of the Animal Crossing game. To do this, we'll use R, the tidytext package, and the ggraph package. This is an intro to the basics of text analysis in R.

游꿀 *Enjoyed this video?* Leave a comment below to share what you liked the most!

0:00 Intro
1:05 Load packages
2:00 Read user reviews data
2:25 Basic exploratory data analysis
3:37 Extract words
6:55 Calculate word counts & correlations
9:20 Plot word relationships
15:35 Clean code & build the function
19:55 Generate plots for NEGATIVE reviews
23:29 Generate plots for POSITIVE reviews
25:20 The end!! (SUBSCRIBE!! :) )

Data used: Animal Crossing user reviews, https://github.com/rfordatascience/tidytuesday/blob/master/data/2020/2020-05-05/readme.md",https://i.ytimg.com/vi/ae_XVhjHd_o/default.jpg,120,90,https://i.ytimg.com/vi/ae_XVhjHd_o/mqdefault.jpg,320,180,https://i.ytimg.com/vi/ae_XVhjHd_o/hqdefault.jpg,480,360,https://i.ytimg.com/vi/ae_XVhjHd_o/sddefault.jpg,640.0,480.0,https://i.ytimg.com/vi/ae_XVhjHd_o/maxresdefault.jpg,1280.0,720.0,Tom Henry - data science with R,"['datascience', 'tidytext', 'tidyverse', 'ggraph', 'igraph', 'widyr', 'textanalysis']",28,none,How to analyze text using R - word association plots - R advanced,"游댒 *Subscribe for weekly R videos:* https://www.youtube.com/channel/UCb5aI-GwJm3ZxlwtCsLu78Q?sub_confirmation=1

Here's an easy approach to start using R to generate insights from text data. I'll take you through the process of exploring themes in text data by visualizing the relationships between words, using a real dataset with user reviews of the Animal Crossing game. To do this, we'll use R, the tidytext package, and the ggraph package. This is an intro to the basics of text analysis in R.

游꿀 *Enjoyed this video?* Leave a comment below to share what you liked the most!

0:00 Intro
1:05 Load packages
2:00 Read user reviews data
2:25 Basic exploratory data analysis
3:37 Extract words
6:55 Calculate word counts & correlations
9:20 Plot word relationships
15:35 Clean code & build the function
19:55 Generate plots for NEGATIVE reviews
23:29 Generate plots for POSITIVE reviews
25:20 The end!! (SUBSCRIBE!! :) )

Data used: Animal Crossing user reviews, https://github.com/rfordatascience/tidytuesday/blob/master/data/2020/2020-05-05/readme.md",,PT25M38S,2d,hd,false,False,rectangular
34,youtube#video,ylufQXMIisiOghkn3ojtKAtaH0Y,JPL8DZz-Rbs,2020-07-06T12:45:12Z,UCb5aI-GwJm3ZxlwtCsLu78Q,How to plot counts in R,"游댒 *Subscribe for weekly R videos:* https://www.youtube.com/channel/UCb5aI-GwJm3ZxlwtCsLu78Q?sub_confirmation=1

In this video we look at how to count data in R and plot the results. We look at counts of volcano types, and then a more complex plot with counts of volcano types by region.

游꿀 *Enjoyed this video?* Leave a comment below to share what you liked the most!

Volcano data from the Tidy Tuesdays R project: https://github.com/rfordatascience/tidytuesday/blob/master/data/2020/2020-05-12/readme.md

0:00 Intro
0:36 Read volcano data
1:17 Look at the volcano data
2:10 Simplify the data
6:37 Plot volcano types
7:55 Improvement: coord_flip()
8:15 Improvement: sort counts with fct_reorder()
10:05 Plot volcano types by region
12:00 Improvement: use scales = ""free""
12:42 Improvement: sort counts by region with reorder_within()
15:00 Improvement: add labels
15:30 Improvement: add color with 'fill ='
16:15 Improvement: remove legend with show.legend = FALSE
16:45 Final result!!

Code: https://gist.github.com/larsentom/2863378b27859af7cf65125f68c13373",https://i.ytimg.com/vi/JPL8DZz-Rbs/default.jpg,120,90,https://i.ytimg.com/vi/JPL8DZz-Rbs/mqdefault.jpg,320,180,https://i.ytimg.com/vi/JPL8DZz-Rbs/hqdefault.jpg,480,360,https://i.ytimg.com/vi/JPL8DZz-Rbs/sddefault.jpg,640.0,480.0,https://i.ytimg.com/vi/JPL8DZz-Rbs/maxresdefault.jpg,1280.0,720.0,Tom Henry - data science with R,,28,none,How to plot counts in R,"游댒 *Subscribe for weekly R videos:* https://www.youtube.com/channel/UCb5aI-GwJm3ZxlwtCsLu78Q?sub_confirmation=1

In this video we look at how to count data in R and plot the results. We look at counts of volcano types, and then a more complex plot with counts of volcano types by region.

游꿀 *Enjoyed this video?* Leave a comment below to share what you liked the most!

Volcano data from the Tidy Tuesdays R project: https://github.com/rfordatascience/tidytuesday/blob/master/data/2020/2020-05-12/readme.md

0:00 Intro
0:36 Read volcano data
1:17 Look at the volcano data
2:10 Simplify the data
6:37 Plot volcano types
7:55 Improvement: coord_flip()
8:15 Improvement: sort counts with fct_reorder()
10:05 Plot volcano types by region
12:00 Improvement: use scales = ""free""
12:42 Improvement: sort counts by region with reorder_within()
15:00 Improvement: add labels
15:30 Improvement: add color with 'fill ='
16:15 Improvement: remove legend with show.legend = FALSE
16:45 Final result!!

Code: https://gist.github.com/larsentom/2863378b27859af7cf65125f68c13373",,PT17M11S,2d,hd,false,False,rectangular
35,youtube#video,ylufQXMIisiOghkn3ojtKAtaH0Y,JPL8DZz-Rbs,2020-07-06T12:45:12Z,UCb5aI-GwJm3ZxlwtCsLu78Q,How to plot counts in R,"游댒 *Subscribe for weekly R videos:* https://www.youtube.com/channel/UCb5aI-GwJm3ZxlwtCsLu78Q?sub_confirmation=1

In this video we look at how to count data in R and plot the results. We look at counts of volcano types, and then a more complex plot with counts of volcano types by region.

游꿀 *Enjoyed this video?* Leave a comment below to share what you liked the most!

Volcano data from the Tidy Tuesdays R project: https://github.com/rfordatascience/tidytuesday/blob/master/data/2020/2020-05-12/readme.md

0:00 Intro
0:36 Read volcano data
1:17 Look at the volcano data
2:10 Simplify the data
6:37 Plot volcano types
7:55 Improvement: coord_flip()
8:15 Improvement: sort counts with fct_reorder()
10:05 Plot volcano types by region
12:00 Improvement: use scales = ""free""
12:42 Improvement: sort counts by region with reorder_within()
15:00 Improvement: add labels
15:30 Improvement: add color with 'fill ='
16:15 Improvement: remove legend with show.legend = FALSE
16:45 Final result!!

Code: https://gist.github.com/larsentom/2863378b27859af7cf65125f68c13373",https://i.ytimg.com/vi/JPL8DZz-Rbs/default.jpg,120,90,https://i.ytimg.com/vi/JPL8DZz-Rbs/mqdefault.jpg,320,180,https://i.ytimg.com/vi/JPL8DZz-Rbs/hqdefault.jpg,480,360,https://i.ytimg.com/vi/JPL8DZz-Rbs/sddefault.jpg,640.0,480.0,https://i.ytimg.com/vi/JPL8DZz-Rbs/maxresdefault.jpg,1280.0,720.0,Tom Henry - data science with R,,28,none,How to plot counts in R,"游댒 *Subscribe for weekly R videos:* https://www.youtube.com/channel/UCb5aI-GwJm3ZxlwtCsLu78Q?sub_confirmation=1

In this video we look at how to count data in R and plot the results. We look at counts of volcano types, and then a more complex plot with counts of volcano types by region.

游꿀 *Enjoyed this video?* Leave a comment below to share what you liked the most!

Volcano data from the Tidy Tuesdays R project: https://github.com/rfordatascience/tidytuesday/blob/master/data/2020/2020-05-12/readme.md

0:00 Intro
0:36 Read volcano data
1:17 Look at the volcano data
2:10 Simplify the data
6:37 Plot volcano types
7:55 Improvement: coord_flip()
8:15 Improvement: sort counts with fct_reorder()
10:05 Plot volcano types by region
12:00 Improvement: use scales = ""free""
12:42 Improvement: sort counts by region with reorder_within()
15:00 Improvement: add labels
15:30 Improvement: add color with 'fill ='
16:15 Improvement: remove legend with show.legend = FALSE
16:45 Final result!!

Code: https://gist.github.com/larsentom/2863378b27859af7cf65125f68c13373",,PT17M11S,2d,hd,false,False,rectangular
36,youtube#video,M2DuKcHUp80HWgKctlBWF7qv1jg,KiqPS6du3B4,2020-06-20T01:29:43Z,UCb5aI-GwJm3ZxlwtCsLu78Q,Clean column names in R with clean_names(),"游댒 *Subscribe for weekly R videos:* https://www.youtube.com/channel/UCb5aI-GwJm3ZxlwtCsLu78Q?sub_confirmation=1

Have you ever loaded data into R only to find that the column names contain spaces, parentheses, camelCase, or are otherwise difficult to work with? In this video, I'll show you the clean_names() function from the janitor package, which I run whenever I load data from a file into R. It cleans the column names of the file.

Here's a link to the example dataset (SpaceX launches in 2020) used in this video:

https://gist.github.com/larsentom/081fb3300c86fb90c1e8b16f809cea07
https://gist.github.com/larsentom/081fb3300c86fb90c1e8b16f809cea07/raw/d5b54e364f0586de28fe17c2d6fe8a2e9a1c38b3/spacex_launches_2020.tsv

Note -- you'll need to use read_tsv() rather than read_csv() to load this data into R because the data is ""tab-delimited.""",https://i.ytimg.com/vi/KiqPS6du3B4/default.jpg,120,90,https://i.ytimg.com/vi/KiqPS6du3B4/mqdefault.jpg,320,180,https://i.ytimg.com/vi/KiqPS6du3B4/hqdefault.jpg,480,360,https://i.ytimg.com/vi/KiqPS6du3B4/sddefault.jpg,640.0,480.0,https://i.ytimg.com/vi/KiqPS6du3B4/maxresdefault.jpg,1280.0,720.0,Tom Henry - data science with R,"['datascience', 'rstats']",28,none,Clean column names in R with clean_names(),"游댒 *Subscribe for weekly R videos:* https://www.youtube.com/channel/UCb5aI-GwJm3ZxlwtCsLu78Q?sub_confirmation=1

Have you ever loaded data into R only to find that the column names contain spaces, parentheses, camelCase, or are otherwise difficult to work with? In this video, I'll show you the clean_names() function from the janitor package, which I run whenever I load data from a file into R. It cleans the column names of the file.

Here's a link to the example dataset (SpaceX launches in 2020) used in this video:

https://gist.github.com/larsentom/081fb3300c86fb90c1e8b16f809cea07
https://gist.github.com/larsentom/081fb3300c86fb90c1e8b16f809cea07/raw/d5b54e364f0586de28fe17c2d6fe8a2e9a1c38b3/spacex_launches_2020.tsv

Note -- you'll need to use read_tsv() rather than read_csv() to load this data into R because the data is ""tab-delimited.""",,PT3M16S,2d,hd,false,False,rectangular
37,youtube#video,_MGdQ8NGhtJc1acuLfTXKmJUysY,V-EssPrGPHg,2020-06-24T05:08:39Z,UCb5aI-GwJm3ZxlwtCsLu78Q,Top 7 R packages that are less well known,"游댒 *Subscribe for weekly R videos:* https://www.youtube.com/channel/UCb5aI-GwJm3ZxlwtCsLu78Q?sub_confirmation=1

In this video I'll take you through 7 R packages that are really useful but less well known.

They are game changers if you want to.......

0:00 Intro
1:06 Load csv data rapidly (vroom)
3:08 See what is happening when you make changes to data (tidylog)
4:48 Clean column names (janitor)
6:55 Work with dates (lubridate)
10:03 Build strings (glue)
12:00 Do things with time series data (tsibble)
15:43 Pull out words in text data for text analysis (tidytext)

Mass Mobilization Protest Data: https://dataverse.harvard.edu/dataset.xhtml?persistentId=doi:10.7910/DVN/HTTWYL
Download ""mmALL_073119_csv.tab""  ""Original File Format (Comma Separated Values)""",https://i.ytimg.com/vi/V-EssPrGPHg/default.jpg,120,90,https://i.ytimg.com/vi/V-EssPrGPHg/mqdefault.jpg,320,180,https://i.ytimg.com/vi/V-EssPrGPHg/hqdefault.jpg,480,360,https://i.ytimg.com/vi/V-EssPrGPHg/sddefault.jpg,640.0,480.0,https://i.ytimg.com/vi/V-EssPrGPHg/maxresdefault.jpg,1280.0,720.0,Tom Henry - data science with R,,28,none,Top 7 R packages that are less well known,"游댒 *Subscribe for weekly R videos:* https://www.youtube.com/channel/UCb5aI-GwJm3ZxlwtCsLu78Q?sub_confirmation=1

In this video I'll take you through 7 R packages that are really useful but less well known.

They are game changers if you want to.......

0:00 Intro
1:06 Load csv data rapidly (vroom)
3:08 See what is happening when you make changes to data (tidylog)
4:48 Clean column names (janitor)
6:55 Work with dates (lubridate)
10:03 Build strings (glue)
12:00 Do things with time series data (tsibble)
15:43 Pull out words in text data for text analysis (tidytext)

Mass Mobilization Protest Data: https://dataverse.harvard.edu/dataset.xhtml?persistentId=doi:10.7910/DVN/HTTWYL
Download ""mmALL_073119_csv.tab""  ""Original File Format (Comma Separated Values)""",,PT20M19S,2d,hd,false,False,rectangular
38,youtube#video,ylufQXMIisiOghkn3ojtKAtaH0Y,JPL8DZz-Rbs,2020-07-06T12:45:12Z,UCb5aI-GwJm3ZxlwtCsLu78Q,How to plot counts in R,"游댒 *Subscribe for weekly R videos:* https://www.youtube.com/channel/UCb5aI-GwJm3ZxlwtCsLu78Q?sub_confirmation=1

In this video we look at how to count data in R and plot the results. We look at counts of volcano types, and then a more complex plot with counts of volcano types by region.

游꿀 *Enjoyed this video?* Leave a comment below to share what you liked the most!

Volcano data from the Tidy Tuesdays R project: https://github.com/rfordatascience/tidytuesday/blob/master/data/2020/2020-05-12/readme.md

0:00 Intro
0:36 Read volcano data
1:17 Look at the volcano data
2:10 Simplify the data
6:37 Plot volcano types
7:55 Improvement: coord_flip()
8:15 Improvement: sort counts with fct_reorder()
10:05 Plot volcano types by region
12:00 Improvement: use scales = ""free""
12:42 Improvement: sort counts by region with reorder_within()
15:00 Improvement: add labels
15:30 Improvement: add color with 'fill ='
16:15 Improvement: remove legend with show.legend = FALSE
16:45 Final result!!

Code: https://gist.github.com/larsentom/2863378b27859af7cf65125f68c13373",https://i.ytimg.com/vi/JPL8DZz-Rbs/default.jpg,120,90,https://i.ytimg.com/vi/JPL8DZz-Rbs/mqdefault.jpg,320,180,https://i.ytimg.com/vi/JPL8DZz-Rbs/hqdefault.jpg,480,360,https://i.ytimg.com/vi/JPL8DZz-Rbs/sddefault.jpg,640.0,480.0,https://i.ytimg.com/vi/JPL8DZz-Rbs/maxresdefault.jpg,1280.0,720.0,Tom Henry - data science with R,,28,none,How to plot counts in R,"游댒 *Subscribe for weekly R videos:* https://www.youtube.com/channel/UCb5aI-GwJm3ZxlwtCsLu78Q?sub_confirmation=1

In this video we look at how to count data in R and plot the results. We look at counts of volcano types, and then a more complex plot with counts of volcano types by region.

游꿀 *Enjoyed this video?* Leave a comment below to share what you liked the most!

Volcano data from the Tidy Tuesdays R project: https://github.com/rfordatascience/tidytuesday/blob/master/data/2020/2020-05-12/readme.md

0:00 Intro
0:36 Read volcano data
1:17 Look at the volcano data
2:10 Simplify the data
6:37 Plot volcano types
7:55 Improvement: coord_flip()
8:15 Improvement: sort counts with fct_reorder()
10:05 Plot volcano types by region
12:00 Improvement: use scales = ""free""
12:42 Improvement: sort counts by region with reorder_within()
15:00 Improvement: add labels
15:30 Improvement: add color with 'fill ='
16:15 Improvement: remove legend with show.legend = FALSE
16:45 Final result!!

Code: https://gist.github.com/larsentom/2863378b27859af7cf65125f68c13373",,PT17M11S,2d,hd,false,False,rectangular
39,youtube#video,C1GoZAF_2lgyVGA4izAhiitdDnE,_VIdomdSNe4,2020-07-07T00:50:09Z,UCb5aI-GwJm3ZxlwtCsLu78Q,9 books to learn machine learning with R,"游댒 *Subscribe for weekly R videos:* https://www.youtube.com/channel/UCb5aI-GwJm3ZxlwtCsLu78Q?sub_confirmation=1

I'll take you through 9 free online books (and an article) that everyone learning machine learning should know to learn statistical techniques, understand how to master different concepts, and work with data in R.

游꿀 *Enjoyed this video?* Leave a comment below to share what you liked the most!

0:00 Intro
0:24 Introduction to Statistical Learning with Applications in R = http://faculty.marshall.usc.edu/gareth-james/ISL/
1:10 ""Spinning up as a Deep RL [Reinforcement Learning] Researcher"" = https://spinningup.openai.com/en/latest/spinningup/spinningup.html
2:12 R for Data Science = https://r4ds.had.co.nz/index.html
3:03 Feature Engineering and Selection = http://www.feat.engineering/
3:44 Advanced R = https://adv-r.hadley.nz/
4:21 R Packages = https://r-pkgs.org/
5:08 Forecasting Principles & Practice = https://otexts.com/fpp3/
5:52 Text Mining with R = https://www.tidytextmining.com/
6:38 Mastering Shiny (in progress) = https://mastering-shiny.org/
7:05 ggplot2 Elegant Graphics for Data Analysis (in progress) = https://ggplot2-book.org/",https://i.ytimg.com/vi/_VIdomdSNe4/default.jpg,120,90,https://i.ytimg.com/vi/_VIdomdSNe4/mqdefault.jpg,320,180,https://i.ytimg.com/vi/_VIdomdSNe4/hqdefault.jpg,480,360,https://i.ytimg.com/vi/_VIdomdSNe4/sddefault.jpg,640.0,480.0,https://i.ytimg.com/vi/_VIdomdSNe4/maxresdefault.jpg,1280.0,720.0,Tom Henry - data science with R,,28,none,9 books to learn machine learning with R,"游댒 *Subscribe for weekly R videos:* https://www.youtube.com/channel/UCb5aI-GwJm3ZxlwtCsLu78Q?sub_confirmation=1

I'll take you through 9 free online books (and an article) that everyone learning machine learning should know to learn statistical techniques, understand how to master different concepts, and work with data in R.

游꿀 *Enjoyed this video?* Leave a comment below to share what you liked the most!

0:00 Intro
0:24 Introduction to Statistical Learning with Applications in R = http://faculty.marshall.usc.edu/gareth-james/ISL/
1:10 ""Spinning up as a Deep RL [Reinforcement Learning] Researcher"" = https://spinningup.openai.com/en/latest/spinningup/spinningup.html
2:12 R for Data Science = https://r4ds.had.co.nz/index.html
3:03 Feature Engineering and Selection = http://www.feat.engineering/
3:44 Advanced R = https://adv-r.hadley.nz/
4:21 R Packages = https://r-pkgs.org/
5:08 Forecasting Principles & Practice = https://otexts.com/fpp3/
5:52 Text Mining with R = https://www.tidytextmining.com/
6:38 Mastering Shiny (in progress) = https://mastering-shiny.org/
7:05 ggplot2 Elegant Graphics for Data Analysis (in progress) = https://ggplot2-book.org/",,PT7M38S,2d,hd,false,False,rectangular
